window_id,year,js_divergence,jaccard,n_top,n_rest
2001-1,2000,0.09151158178748585,0.639344262295082,18.0,168.0
2001-1,2001,0.11489451558633956,0.639344262295082,20.0,194.0
2001-1,2002,0.09233248491958826,0.6666666666666666,21.0,205.0
2001-1-mean,2001,0.09957952743113789,0.6484517304189436,19.666666666666668,189.0
2008-1,2007,0.07258884304652821,0.6666666666666666,34.0,308.0
2008-1,2008,0.08142703629406531,0.639344262295082,37.0,293.0
2008-1,2009,0.06251836252357128,0.6949152542372882,39.0,322.0
2008-1-mean,2008,0.07217808062138827,0.6669753943996789,36.666666666666664,307.6666666666667
