tier,genre,count,share
21_100,action,487,0.2701053799223516
21_100,non_action,1316,0.7298946200776484
top20,action,250,0.4180602006688963
top20,non_action,348,0.5819397993311036
