group,pooled_count_top20,pooled_count_21_100,pooled_share_top20,pooled_share_21_100,pooled_gap_share
institutions_elections_law,104,368,0.1458625525946704,0.1781219748305905,-0.0322594222359201
war_security_intel,403,923,0.5652173913043478,0.44675701839303,0.11846037291131778
economy_finance_crisis,31,153,0.043478260869565216,0.07405614714424008,-0.030577886274674865
labor_collective_action,18,66,0.025245441795231416,0.031945788964181994,-0.006700347168950578
inequality_corruption_elites,32,108,0.04488078541374474,0.05227492739593417,-0.007394141982189434
migration_police_civilrights,125,448,0.1753155680224404,0.21684414327202323,-0.04152857524958284
