alpha,beta_gap_totalkw,r2
-0.2041576595045925,0.12052044624463831,0.3110223754653634
